{
  "resources": [
    "assets/audios/sprite.ogg"
  ],
  "spritemap": {
    "aaaah": {
      "start": 0,
      "end": 0.9360544217687075,
      "loop": false
    },
    "ahh": {
      "start": 2,
      "end": 2.9833333333333334,
      "loop": false
    },
    "click": {
      "start": 4,
      "end": 4.897709750566893,
      "loop": false
    },
    "fallingtree": {
      "start": 6,
      "end": 9.146530612244899,
      "loop": false
    },
    "forest": {
      "start": 11,
      "end": 67.64521541950114,
      "loop": false
    },
    "moo": {
      "start": 69,
      "end": 70.13777777777777,
      "loop": false
    },
    "new": {
      "start": 72,
      "end": 73.57866213151928,
      "loop": false
    },
    "ohh": {
      "start": 75,
      "end": 76.15748299319728,
      "loop": false
    },
    "out": {
      "start": 78,
      "end": 78.2751247165533,
      "loop": false
    },
    "rrr": {
      "start": 80,
      "end": 82.70609977324263,
      "loop": false
    },
    "saw": {
      "start": 84,
      "end": 88.21374149659864,
      "loop": false
    },
    "wind": {
      "start": 90,
      "end": 115.4698866213152,
      "loop": false
    }
  }
}